“,MISC,falsch
Revolutionsrhetorik,.Literarische Genera,FALSCH
Männer-,Clubs,FALSCH
Helvétius’ sensualistischer Schrift De l,Esprit,FALSCH
Abbé Batteux,LOC,FALSCH
Ansehens,LOC,FALSCH
antifeudalistische,LOC,FALSCH
Auszügen,LOC,FALSCH
Balzac,LOC,FALSCH
Bürgertum abgrenzenden Adels,LOC,FALSCH
Bürgertums,LOC,FALSCH
Bürgertums,LOC,FALSCH
Chevalier de Rohan,LOC,FALSCH
Denkens,LOC,FALSCH
Diderot,LOC,FALSCH
Diderots,LOC,FALSCH
Entdeckungsreisen,LOC,FALSCH
Erzählens,LOC,FALSCH
Fontenelle,LOC,FALSCH
galant-lizenziösen,LOC,FALSCH
Grieux et de Manon Lescaut,LOC,FALSCH
Grundrente profitierend,LOC,FALSCH
Grundsatz,LOC,FALSCH
Herzog von Sachsen-Gotha,LOC,FALSCH
Ich-Roman,LOC,FALSCH
Ideals,LOC,FALSCH
Jahrhundertmitte,LOC,FALSCH
Jahrhundertmitte,LOC,FALSCH
Kontinuitäten,LOC,FALSCH
Konvents,LOC,FALSCH
Kopien,LOC,FALSCH
Leihbibliotheken,LOC,FALSCH
Les Beaux-Arts réduits à un même principe,LOC,FALSCH
Lesepublikums,LOC,FALSCH
Marivaux,LOC,FALSCH
Mercure de France,LOC,FALSCH
monarchischen Staat,LOC,FALSCH
moralästhetischen,LOC,FALSCH
Narrativik,LOC,FALSCH
Narrativik,LOC,FALSCH
Narrativik,LOC,FALSCH
Nouvelle Justine,LOC,FALSCH
Prevosts Véritable histoire du Chevalier,LOC,FALSCH
Privateigentums,LOC,FALSCH
Problemkontext,LOC,FALSCH
Provinz sühnen,LOC,FALSCH
Romans,LOC,FALSCH
Romans,LOC,FALSCH
Sade,LOC,FALSCH
Sammelausgaben,LOC,FALSCH
Scribe,LOC,FALSCH
Secrétaire perpétuel,LOC,FALSCH
Sonnenkönigs,LOC,FALSCH
Sur le sort de la poésie en ce siècle philosophique,LOC,FALSCH
Symptomatisch,LOC,FALSCH
Toleranzidee,LOC,FALSCH
Übersee,LOC,FALSCH
Voltaire,LOC,FALSCH
Voltaire,LOC,FALSCH
Voltaires,LOC,FALSCH
Voltaires,LOC,FALSCH
wirkungsstrategischen,LOC,FALSCH
Wissens,LOC,FALSCH
Xavier de Maistres,LOC,FALSCH
zeitsatirische,LOC,FALSCH
Zukunftsentwurfs,LOC,FALSCH
“,MISC,FALSCH
“,MISC,FALSCH
“,MISC,FALSCH
“,MISC,FALSCH
“,MISC,FALSCH
“,MISC,FALSCH
“,MISC,FALSCH
“,MISC,FALSCH
“,MISC,FALSCH
“,MISC,FALSCH
“,MISC,FALSCH
“,MISC,FALSCH
“,MISC,FALSCH
“,MISC,FALSCH
“,MISC,FALSCH
“,MISC,FALSCH
“,MISC,FALSCH
“,MISC,FALSCH
“,MISC,FALSCH
“,MISC,FALSCH
“,MISC,FALSCH
“,MISC,FALSCH
“,MISC,FALSCH
“,MISC,FALSCH
“,MISC,FALSCH
“,MISC,FALSCH
“,MISC,FALSCH
“,MISC,FALSCH
“,MISC,FALSCH
“,MISC,FALSCH
“,MISC,FALSCH
“,MISC,FALSCH
“,MISC,FALSCH
“,MISC,FALSCH
“,MISC,FALSCH
“,MISC,FALSCH
“,MISC,FALSCH
“,MISC,FALSCH
“,MISC,FALSCH
“,MISC,FALSCH
“,MISC,FALSCH
“,MISC,FALSCH
“,MISC,FALSCH
“,MISC,FALSCH
“,MISC,FALSCH
“,MISC,FALSCH
“,MISC,FALSCH
“,MISC,FALSCH
“,MISC,FALSCH
“,MISC,FALSCH
“,MISC,FALSCH
“,MISC,FALSCH
“,MISC,FALSCH
“,MISC,FALSCH
“,MISC,FALSCH
“,MISC,FALSCH
“Vorromantik”.Bei,MISC,FALSCH
100 im Jahr 1789,MISC,FALSCH
16 im Jahr 1794,MISC,FALSCH
arbiträr “,MISC,FALSCH
bürgerlich-revolutionäre,MISC,FALSCH
Chevalier de Jaucourt,MISC,FALSCH
D’,MISC,FALSCH
D’Alembert,MISC,FALSCH
D’Alembert,MISC,FALSCH
D’Alembert,MISC,FALSCH
D’Alembert,MISC,FALSCH
D’Alembert,MISC,FALSCH
D’Alembert,MISC,FALSCH
D’Alemberts,MISC,FALSCH
D’Argenson,MISC,FALSCH
D’Holbach,MISC,FALSCH
Der Roman der Philosophen,MISC,FALSCH
Discours;Vor,MISC,FALSCH
Eigentums,MISC,FALSCH
formal-juristisch,MISC,FALSCH
Fouquier-Tinville,MISC,FALSCH
Fragonard,MISC,FALSCH
französischen AufklärungFrankfurt/M.,MISC,FALSCH
galant-erotischen,MISC,FALSCH
gleichen Zeit,MISC,FALSCH
Göttlichen haltmacht,MISC,FALSCH
Höhepunkt:1736,MISC,FALSCH
Idée sur les romans,MISC,FALSCH
imagination”.Deutlich,MISC,FALSCH
Individuums,MISC,FALSCH
Individuums,MISC,FALSCH
Individuums,MISC,FALSCH
Jahr 1771.Im,MISC,FALSCH
Jahr 1799,MISC,FALSCH
juste et bien faisant,MISC,FALSCH
Knotenpunkte,MISC,FALSCH
Kontinuitäten,MISC,FALSCH
L’,MISC,FALSCH
l’horreur du vice”,MISC,FALSCH
la loi ordonne”,MISC,FALSCH
läßt.inspirer aux hommes l’amour de la vertu,MISC,FALSCH
literarisch-kulturellen System,MISC,FALSCH
Mercier,MISC,FALSCH
Merciers Roman,MISC,FALSCH
Mme d’Holbach,MISC,FALSCH
moralisch-didaktisch,MISC,FALSCH
phy-siokratischen Ministers Turgot,MISC,FALSCH
politisch-philosophisch,MISC,FALSCH
Postulat “la raison veut,MISC,FALSCH
Privateigentums,MISC,FALSCH
Privateigentums,MISC,FALSCH
profan-aufklärerisch,MISC,FALSCH
religiös-aufklärerisch,MISC,FALSCH
republikanischen,MISC,FALSCH
republikanischen,MISC,FALSCH
riches”,MISC,FALSCH
Roland BonneiFrankfurt/M.,MISC,FALSCH
Romantheorie der Zeit,MISC,FALSCH
schottischen,MISC,FALSCH
SNicht,MISC,FALSCH
soziale,MISC,FALSCH
soziale,MISC,FALSCH
soziale,MISC,FALSCH
soziale,MISC,FALSCH
sozialen,MISC,FALSCH
sozialen,MISC,FALSCH
sozialen,MISC,FALSCH
sozialen,MISC,FALSCH
sozialen,MISC,FALSCH
sozialer,MISC,FALSCH
Symptom,MISC,FALSCH
unmöglich:1715,MISC,FALSCH
Vernunft,MISC,FALSCH
Wende,MISC,FALSCH
Widerstand gegen die Innovationen,MISC,FALSCH
wird.1795/96,MISC,FALSCH
XXVIII,MISC,FALSCH
Zeit,MISC,FALSCH
Zeit,MISC,FALSCH
Zeit,MISC,FALSCH
Zeit,MISC,FALSCH
Zeit,MISC,FALSCH
Zeit,MISC,FALSCH
Zeit,MISC,FALSCH
Zeit,MISC,FALSCH
Zeit,MISC,FALSCH
Zeit,MISC,FALSCH
Zeit,MISC,FALSCH
Zeit wohlgemeinte Vermittlungsversuche,MISC,FALSCH
Zensur und Druckerlaubnis,MISC,FALSCH
Correspondance littéraire,ORG,FALSCH
Curé Meslier,ORG,FALSCH
Druckerpresse hineinverfaßt,ORG,FALSCH
Gesellschaft auf allen sozialen und psychologischen Ebenen,ORG,FALSCH
Gesellschaft und Kultur,ORG,FALSCH
Gießen,ORG,FALSCH
Jahrhundertmitte,ORG,FALSCH
Jesuit,ORG,FALSCH
Justine ou les malheurs de la vertu,ORG,FALSCH
LeipzigChristian Bergmann,ORG,FALSCH
Mémoires secrets pour servir à l’histoire de la République des lettres en France,ORG,FALSCH
Minister Turgot,ORG,FALSCH
München,ORG,FALSCH
Perraults,ORG,FALSCH
Prestige einbüßenden Königtums,ORG,FALSCH
Prônes civiques ou le pasteur patriote,ORG,FALSCH
romanesken Erzählformen und -inhalte,ORG,FALSCH
Tübingen,ORG,FALSCH
Voltaires Lettres philosophiques,ORG,FALSCH
Voltaires Siècle de Louis XIV,ORG,FALSCH
XVII-XVIII,ORG,FALSCH
Zeit des Übergangs,ORG,FALSCH
zeitgenössische Gesellschaft,ORG,FALSCH
Zentrum,ORG,FALSCH
abholde Weise Zusammenhänge,PER,FALSCH
Aufklärer,PER,FALSCH
Derselbe Voltaire,PER,FALSCH
Discours préliminaire,PER,FALSCH
Dominanz,PER,FALSCH
ein:1797,PER,FALSCH
Einschnitt,PER,FALSCH
Eldorado,PER,FALSCH
empirisch-rationales,PER,FALSCH
Encyclopédie,PER,FALSCH
Englands,PER,FALSCH
Fortschritte,PER,FALSCH
Fortschritts,PER,FALSCH
Gemeinnutz,PER,FALSCH
Gesellschaftsgefüges,PER,FALSCH
Holbachs Système de la nature,PER,FALSCH
Holbachs Système de la Nature,PER,FALSCH
Individuum,PER,FALSCH
Jahren,PER,FALSCH
Lessings Nathan,PER,FALSCH
lizenziöses Schrifttum,PER,FALSCH
Louvet de Couvrays Briefroman Émilie de Varmont,PER,FALSCH
Louvet de Couvrays Les amours du chevalier de Faublas,PER,FALSCH
Merciers Freiheitsbegriff,PER,FALSCH
metaphernreich,PER,FALSCH
Narrativik,PER,FALSCH
Neuwahlen,PER,FALSCH
Plebiszit,PER,FALSCH
Poésie,PER,FALSCH
préliminaire,PER,FALSCH
Prestigeverlusts Frankreichs,PER,FALSCH
Rhétorique,PER,FALSCH
romaneske,PER,FALSCH
Romans,PER,FALSCH
Rousseaus Anthropologie,PER,FALSCH
Rousseaus Briefroman Julie ou La Nouvelle Héloïse,PER,FALSCH
Rousseaus Nouvelle Héloïse,PER,FALSCH
Rousseaus Prinzipien,PER,FALSCH
Rousseaus Staatslehre,PER,FALSCH
Ruin rettetZur,PER,FALSCH
Sades Justine,PER,FALSCH
Schauerroman,PER,FALSCH
Schloßherrn,PER,FALSCH
Sohn,PER,FALSCH
Theodizee,PER,FALSCH
Thronfolgers,PER,FALSCH
Untertänigkeit”.Viele,PER,FALSCH
Voltaire modellbildend,PER,FALSCH
Voltaires Dictionnaire philosophique,PER,FALSCH
Voltaires Traité sur la tolérance,PER,FALSCH
XI-XIV,PER,FALSCH
Zensur,PER,FALSCH
Aufklärungs-,Philosophie,FALSCH
Gesellschaft und der Unschuld,,FALSCH
Marie-Joseph,,FALSCH
Revolution “Gracchus” Babeuf,,FALSCH
“ami de l’humanité,MISC,französisch
“antiphilosophes”,MISC,französisch
“antiphilosophes”,MISC,französisch
“badinage,MISC,französisch
“bon sauvage,MISC,französisch
“bonheur commun”,MISC,französisch
“bonne compagnie,MISC,französisch
“choses utiles,MISC,französisch
“divertissement”,MISC,französisch
“divertissement”,MISC,französisch
“doctrine classique,MISC,französisch
“double registre”,MISC,französisch
“esprit du siècle”,MISC,französisch
“Être suprême”-Kults,MISC,französisch
“génie naturel”,MISC,französisch
“gothic novel”,MISC,französisch
“goût,MISC,französisch
“Idéologues”,MISC,französisch
“imitatio”,MISC,französisch
“instruire”,MISC,französisch
“intolérance civile”,MISC,französisch
“intolérance théologique”,MISC,französisch
“Jahrhundertwerks”,MISC,französisch
“Mais tout est arbitraire,MISC,französisch
“manuscrits clandestins,MISC,französisch
“manuscrits clandestins,MISC,französisch
“mélodrame”.Doch,MISC,französisch
“modifications de notre chair et de notre cerveau,MISC,französisch
“Monarch,MISC,französisch
“noblesse de robe”,MISC,französisch
“nouvelle” fuhrt,MISC,französisch
“ordre”,MISC,französisch
“parti dévot,MISC,französisch
“parti dévot,MISC,französisch
“perfectibilité,MISC,französisch
“perfection”,MISC,französisch
“petit cabinet,MISC,französisch
“petites gens”,MISC,französisch
“philosophe” ist unparteiisch,MISC,französisch
“plaire,MISC,französisch
“prose poétique”,MISC,französisch
“proverbe dramatique”,MISC,französisch
“proverbe dramatique”,MISC,französisch
“récit fictif de diverses aventures merveilleuses ou vraisemblables de la vie humaine”,MISC,französisch
“République,MISC,französisch
“République,MISC,französisch
“République des lettres”,MISC,französisch
“romantisme Empire,MISC,französisch
“sacre de l’écrivain”,MISC,französisch
“seigneurs,MISC,französisch
“sensibilité,MISC,französisch
“Souverain modéré,MISC,französisch
“talent d’,MISC,französisch
“Taschenbuchmarkt,MISC,französisch
“tolérance,MISC,französisch
“tragédie philosophique”,MISC,französisch
“une espèce de roman”,MISC,französisch
Auxerre,LOC,richtig
Bastille,LOC,richtig
Berlin,LOC,richtig
Berlin,LOC,richtig
Berlin,LOC,richtig
Besançon,LOC,richtig
Betreiben Voltaires,LOC,richtig
Bibliothèque bleue,LOC,richtig
Bordeaux,LOC,richtig
Café Procope,LOC,richtig
Chateaubriand,LOC,richtig
Dijon,LOC,richtig
England,LOC,richtig
England,LOC,richtig
England,LOC,richtig
England,LOC,richtig
Europa,LOC,richtig
Europa,LOC,richtig
Europa,LOC,richtig
Europa,LOC,richtig
Europa,LOC,richtig
Europa,LOC,richtig
Europa,LOC,richtig
Europa,LOC,richtig
Europas,LOC,richtig
Frankfurt/M.,LOC,richtig
Frankreich,LOC,richtig
Frankreich,LOC,richtig
Frankreich,LOC,richtig
Frankreich,LOC,richtig
Frankreich,LOC,richtig
Frankreich,LOC,richtig
Frankreich,LOC,richtig
Frankreich,LOC,richtig
Frankreich,LOC,richtig
Frankreich,LOC,richtig
Frankreich,LOC,richtig
Frankreich,LOC,richtig
Frankreich,LOC,richtig
Frankreich,LOC,richtig
Frankreichs,LOC,richtig
Genf,LOC,richtig
Heidelberg,LOC,richtig
Holland,LOC,richtig
Holland,LOC,richtig
La Rochelle,LOC,richtig
Le Paysan parvenu,LOC,richtig
Le siège de Calais,LOC,richtig
Lyon,LOC,richtig
Maine,LOC,richtig
Marquis de Sade,LOC,richtig
Marseille,LOC,richtig
München,LOC,richtig
München,LOC,richtig
München,LOC,richtig
München,LOC,richtig
München,LOC,richtig
München/Wien,LOC,richtig
Orléans,LOC,richtig
Paderborn,LOC,richtig
Paris,LOC,richtig
Paris,LOC,richtig
Paris,LOC,richtig
Paris,LOC,richtig
Paris,LOC,richtig
Paris,LOC,richtig
Paris,LOC,richtig
Pariser,LOC,richtig
Pariser,LOC,richtig
Preußen,LOC,richtig
Saint-Évremond,LOC,richtig
Sorbonne,LOC,richtig
St. Petersburg,LOC,richtig
Stuttgart,LOC,richtig
Stuttgart,LOC,richtig
Stuttgart,LOC,richtig
Tübingen,LOC,richtig
Tübingen,LOC,richtig
Tübingen,LOC,richtig
Tübingen,LOC,richtig
Utopia,LOC,richtig
Versailles,LOC,richtig
Weimar,LOC,richtig
Zaïre,LOC,richtig
{La nouvelle Justine ou les malheurs de la vertu,MISC,richtig
angelsächsischen,MISC,richtig
Bergier,MISC,richtig
Bibel,MISC,richtig
Brumaire des Jahres XI,MISC,richtig
Christentum,MISC,richtig
Christentum,MISC,richtig
Christentum,MISC,richtig
Club de l’Entresol,MISC,richtig
Das Subjekt der Moderne,MISC,richtig
De l’Esprit,MISC,richtig
De la liberté du théâtre en France,MISC,richtig
Discours sur les sciences et les arts,MISC,richtig
Égaux,MISC,richtig
Enzyklopädie,MISC,richtig
Ersten Republik,MISC,richtig
Französische Revolution,MISC,richtig
Französische Revolution,MISC,richtig
Französische Revolution,MISC,richtig
Französischen Revolution,MISC,richtig
Französischen Revolution,MISC,richtig
Französischen Revolution,MISC,richtig
Französischen Revolution,MISC,richtig
Französischen Revolution,MISC,richtig
Französischen Revolution,MISC,richtig
Französischen Revolution,MISC,richtig
Französischen Revolution,MISC,richtig
Französischen Revolution,MISC,richtig
Französischen Revolution,MISC,richtig
Großen Revolution,MISC,richtig
heroisch-galanten Roman,MISC,richtig
Histoire de Juliette ou les prospérités du vice,MISC,richtig
Hugenotten,MISC,richtig
Ich-Romans,MISC,richtig
Infortunes de la vertu,MISC,richtig
Jansenisten,MISC,richtig
Justine,MISC,richtig
Le Déisme réfuté par lui-même,MISC,richtig
Le fanatisme de Mahomet le prophète,MISC,richtig
Le Pour et le Contre,MISC,richtig
Marivaux’ La vie de Marianne,MISC,richtig
Marquis de Sade,MISC,richtig
Marquis de Sade,MISC,richtig
Marquis de Sade,MISC,richtig
Mémoires d’un homme de qualité,MISC,richtig
Morellys Code de la Nature,MISC,richtig
philosophique et critique,MISC,richtig
Poème sur le siècle de Louis le Grand,MISC,richtig
Revolution,MISC,richtig
Revolution,MISC,richtig
Revolution,MISC,richtig
Revolution,MISC,richtig
Revolution,MISC,richtig
Revolution,MISC,richtig
Revolution,MISC,richtig
Revolution,MISC,richtig
Revolution,MISC,richtig
Revolution,MISC,richtig
Revolution,MISC,richtig
Revolution von 1789,MISC,richtig
sur les éléments de philosophie,MISC,richtig
sur les mœurs,MISC,richtig
Sur les poèmes,MISC,richtig
Traité sur l’origine des romans,MISC,richtig
Voyage autour de ma chambre,MISC,richtig
“Institut de France”,ORG,richtig
Académie de Dijon,ORG,richtig
Académie des sciences,ORG,richtig
Académie française,ORG,richtig
Académie française,ORG,richtig
Académie française,ORG,richtig
Allianz Königtum-Kirche,ORG,richtig
Année littéraire,ORG,richtig
Berliner Akademie,ORG,richtig
Comédie française,ORG,richtig
Freimaurer,ORG,richtig
Freimaurerei,ORG,richtig
Heidelberg,ORG,richtig
Jesuiten,ORG,richtig
Jesuiten,ORG,richtig
Jesuitenordens,ORG,richtig
katholischen Kirche,ORG,richtig
katholischen Kirche,ORG,richtig
Kirche,ORG,richtig
Mercure de France,ORG,richtig
Mercure de France,ORG,richtig
Abbé de Mably,PER,richtig
Adrienne Lecouvreur,PER,richtig
André Chénier,PER,richtig
André Lamourette,PER,richtig
Babeuf,PER,richtig
Babouc,PER,richtig
Balzacs,PER,richtig
Bauer-Funke,PER,richtig
Bayles,PER,richtig
Beaumarchais,PER,richtig
Bélisaire,PER,richtig
Bernardin de Saint-Pierres Paul et Virginie,PER,richtig
Brissot de Warville,PER,richtig
Brumaire,PER,richtig
Chamfort,PER,richtig
Charles IX ou l’École des Rois,PER,richtig
Charles Porée,PER,richtig
Charybdis,PER,richtig
Choderlos de Laclos,PER,richtig
Curé Jean Meslier,PER,richtig
Curé Meslier,PER,richtig
Daguesseau,PER,richtig
Descartes,PER,richtig
Diderot,PER,richtig
Diderot,PER,richtig
Diderot,PER,richtig
Diderot,PER,richtig
Diderot,PER,richtig
Diderot,PER,richtig
Diderot,PER,richtig
Diderot,PER,richtig
Diderot,PER,richtig
Diderots,PER,richtig
Dietmar Rieger,PER,richtig
Divin Marquis,PER,richtig
Dorat,PER,richtig
Erich Köhler,PER,richtig
Feldherrn Belisar,PER,richtig
Fleury,PER,richtig
François Quesnay,PER,richtig
Frank Baasner,PER,richtig
Fritz Schalk,PER,richtig
Hans Rudolf Picard,PER,richtig
Hans Sanders,PER,richtig
Hans Ulrich Gumbrecht,PER,richtig
Helvétius,PER,richtig
Helvétius,PER,richtig
Herbert Dieckmann,PER,richtig
Huet,PER,richtig
Jakob Heinrich Meister,PER,richtig
Jean Calas,PER,richtig
Jean-Jacques Rousseau,PER,richtig
Jürgen Siess,PER,richtig
Jürgen von Stackeiberg,PER,richtig
Jürgen von Stackeiberg,PER,richtig
Justine,PER,richtig
Kammerherr Friedrichs II,PER,richtig
Kant,PER,richtig
Klaus Dirscherl,PER,richtig
Kunstphilosoph Abbé Dubos,PER,richtig
La Mettrie,PER,richtig
La Mettrie,PER,richtig
Le Breton,PER,richtig
Lespinasse,PER,richtig
Louis Carrogis Carmontelle,PER,richtig
Louis de Jaucourt,PER,richtig
Louis Racine,PER,richtig
Louis XIV,PER,richtig
Louis XIV,PER,richtig
Louis-Sébastien Mercier,PER,richtig
Louis-Sébastien Mercier,PER,richtig
Louvet,PER,richtig
Ludwig XIV,PER,richtig
Ludwig XV,PER,richtig
Ludwig XV,PER,richtig
Ludwig XV.,PER,richtig
Ludwig XVI.,PER,richtig
Ludwigs,PER,richtig
Ludwigs XIV,PER,richtig
Ludwigs XIV,PER,richtig
Ludwigs XIV,PER,richtig
Ludwigs XIV,PER,richtig
Mahomet,PER,richtig
Malesherbes,PER,richtig
Marmontel,PER,richtig
Marmontels,PER,richtig
Marquis de Mirabeau,PER,richtig
Marquis de Sade,PER,richtig
Marquis de Sade,PER,richtig
Marquise de Tencin,PER,richtig
Martinès de Pasqually,PER,richtig
Melchior Grimm,PER,richtig
Melchior Grimms Correspondance littéraire,PER,richtig
Meslier,PER,richtig
Meslier,PER,richtig
Mlle de Lespinasse,PER,richtig
Mme de Lafayette,PER,richtig
Mme de Staël,PER,richtig
Mme Dubarry,PER,richtig
Mme Geoffrin,PER,richtig
Mme Pompadour,PER,richtig
Montesquieu,PER,richtig
Montesquieus,PER,richtig
Montesquieus,PER,richtig
Montesquieus,PER,richtig
Montesquieus,PER,richtig
Morelly,PER,richtig
Napoleon,PER,richtig
Napoleon,PER,richtig
Napoleon,PER,richtig
Napoleon,PER,richtig
Napoleon Bonaparte,PER,richtig
Napoleons,PER,richtig
Nicolas,PER,richtig
Nicolas-Sylvestre Bergier,PER,richtig
Paul Bénichou,PER,richtig
Paul Geyer,PER,richtig
Peter Bürger,PER,richtig
Petit de Bachaumont,PER,richtig
Pierre Bayle,PER,richtig
Pierre-Daniel Huets,PER,richtig
Restif,PER,richtig
Rétif de la Bretonne,PER,richtig
Rétif de la Bretonne,PER,richtig
Rétifs,PER,richtig
Richardson,PER,richtig
Richardson,PER,richtig
Rivarol,PER,richtig
Robespierre,PER,richtig
Robespierres,PER,richtig
Roland Galle,PER,richtig
Rolf Geißler,PER,richtig
Rousseau,PER,richtig
Rousseau,PER,richtig
Rousseau,PER,richtig
Rousseau,PER,richtig
Rousseau,PER,richtig
Rousseau,PER,richtig
Rousseau,PER,richtig
Rousseau,PER,richtig
Rousseau,PER,richtig
Rousseau,PER,richtig
Rousseau,PER,richtig
Rousseau,PER,richtig
Rousseau,PER,richtig
Rousseauist,PER,richtig
Rousseauist,PER,richtig
Rousseaus,PER,richtig
Rousseaus,PER,richtig
Rudolf Behrens,PER,richtig
Sade,PER,richtig
Sade,PER,richtig
Sades,PER,richtig
Sades,PER,richtig
Sades,PER,richtig
Sénac de Meilhan,PER,richtig
Voltaire,PER,richtig
Voltaire,PER,richtig
Voltaire,PER,richtig
Voltaire,PER,richtig
Voltaire,PER,richtig
Voltaire,PER,richtig
Voltaire,PER,richtig
Voltaire,PER,richtig
Voltaire,PER,richtig
Voltaire,PER,richtig
Voltaire,PER,richtig
Voltaire,PER,richtig
Voltaire,PER,richtig
Voltaire,PER,richtig
Voltaires,PER,richtig
Voltaires,PER,richtig
Voltaires,PER,richtig
Werner Krauss,PER,richtig
Werner Krauss,PER,richtig
Wolfgang Matzat,PER,richtig
Revolution,,richtig
Cafés,LOC,unklar
Legouvé,LOC,unklar
libertinen,LOC,unklar
Régence,LOC,unklar
Régence,LOC,unklar
Régence,LOC,unklar
Rousseau du ruisseau”,LOC,unklar
Rousseau du ruisseau”,LOC,unklar
Vie de Marianne,LOC,unklar
Babouc,MISC,unklar
Briefroman,MISC,unklar
Briefroman,MISC,unklar
Briefroman L‘Émigré,MISC,unklar
bürgerliche Revolution,MISC,unklar
bürgerliche Revolution,MISC,unklar
Chanson,MISC,unklar
christlich-teleologisch,MISC,unklar
christlichen,MISC,unklar
christlichen,MISC,unklar
Descartes’,MISC,unklar
Encyclopédie-Mitaibeiter Jaucourt,MISC,unklar
englische,MISC,unklar
englischem,MISC,unklar
englischen,MISC,unklar
englischen,MISC,unklar
englischen,MISC,unklar
englischen,MISC,unklar
englischen,MISC,unklar
englischen,MISC,unklar
englischen,MISC,unklar
Entretiens avec Dorval,MISC,unklar
Erzfeind,MISC,unklar
europäische,MISC,unklar
europäische,MISC,unklar
europäischen,MISC,unklar
französische,MISC,unklar
französische,MISC,unklar
französische,MISC,unklar
französische,MISC,unklar
französische,MISC,unklar
französische,MISC,unklar
französische,MISC,unklar
französischen,MISC,unklar
französischen,MISC,unklar
französischen,MISC,unklar
französischen,MISC,unklar
französischen,MISC,unklar
französischen,MISC,unklar
französischen,MISC,unklar
französischen,MISC,unklar
französischen,MISC,unklar
französischen,MISC,unklar
französischen,MISC,unklar
französischen,MISC,unklar
französischen Sprache,MISC,unklar
katholischen,MISC,unklar
kommunistische,MISC,unklar
kommunistische,MISC,unklar
Reich der Freiheit,MISC,unklar
römischen,MISC,unklar
Sadesche Roman,MISC,unklar
Stauffenburg Interpretation,MISC,unklar
Thermidor des Jahres II,MISC,unklar
Thermidor des Jahres II der Republik,MISC,unklar
Tübingen 1987,MISC,unklar
christlichen Offenbarungsreligion,ORG,unklar
europäischen Aufklärung,ORG,unklar
Kurie,ORG,unklar
Universums,ORG,unklar
Crébillon fils,PER,unklar
eingekerkerten Jansenisten,PER,unklar
Lamourette,PER,unklar
Law,PER,unklar
Libertiner,PER,unklar
Saint-Martin,PER,unklar
Thermidor,PER,unklar
Siebenjährigen Krieg,,unklar
critiques,,
Dijon,,
