französischen,MISC
Stauffenburg Interpretation,MISC
französischen,MISC
Problemkontext,LOC
französische,MISC
Gießen,ORG
Jean-Jacques Rousseau,PER
“,MISC
Discours sur les sciences et les arts,MISC
Académie de Dijon,ORG
Rousseau,PER
“,MISC
“,MISC
Rousseau,PER
Jahrhundertmitte,LOC
Rousseau,PER
metaphernreich,PER
Universums,ORG
Göttlichen haltmacht,MISC
Kant,PER
Rousseau,PER
Minister Turgot,ORG
Melchior Grimm,PER
Correspondance littéraire,ORG
“perfectibilité,MISC
Rousseau,PER
Rousseaus,PER
katholischen Kirche,ORG
Louis XIV,PER
Frankreich,LOC
Hugenotten,MISC
Frankreich,LOC
Pierre Bayle,PER
empirisch-rationales,PER
Voltaires Dictionnaire philosophique,PER
Fontenelle,LOC
Secrétaire perpétuel,LOC
Académie des sciences,ORG
Zeit des Übergangs,ORG
“,MISC
“,MISC
unmöglich:1715,MISC
Knotenpunkte,MISC
Ludwig XIV,PER
soziale,MISC
Frankreichs,LOC
Sonnenkönigs,LOC
Ludwigs,PER
Frankreich,LOC
Thronfolgers,PER
Ludwig XV,PER
Symptom,MISC
Fleury,PER
Grundrente profitierend,LOC
Versailles,LOC
Paris,LOC
“divertissement”,MISC
Ludwig XV.(bis,PER
Ludwig XVI.(bis,PER
Grundsatz,LOC
“,MISC
“noblesse de robe”,MISC
Prestige einbüßenden Königtums,ORG
formal-juristisch,MISC
Französische Revolution,MISC
Régence,LOC
Bürgertums,LOC
Französische Revolution,MISC
Régence,LOC
“,MISC
“,MISC
Aufklärer,PER
D’Alembert,MISC
préliminaire,PER
sur les éléments de philosophie,MISC
D’Alembert,MISC
D’Alembert,MISC
Rousseaus,PER
Discours;Vor,MISC
D’Alembert,MISC
D’Alemberts,MISC
Denkens,LOC
Discours préliminaire,PER
Pariser,LOC
Le Breton,PER
“Jahrhundertwerks”,MISC
D’,MISC
Enzyklopädie,MISC
D’Alembert,MISC
Académie française,ORG
D’Argenson,MISC
Malesherbes,PER
“antiphilosophes”,MISC
römischen,MISC
Kurie,ORG
Jesuiten,ORG
Jansenisten,MISC
“,MISC
Diderot,PER
Louis de Jaucourt,PER
“,MISC
Jesuitenordens,ORG
Frankreich,LOC
“,MISC
Erzfeind,MISC
Betreiben Voltaires,LOC
Jean Calas,PER
Jahr 1771.Im,MISC
Helvétius’ sensualistischer Schrift De l'Esprit,PER
Marmontels,PER
Bélisaire,PER
Académie française,ORG
Feldherrn Belisar,PER
katholischen Kirche,ORG
Sorbonne,LOC
Ludwig XV,PER
“esprit du siècle”,MISC
Marmontel,PER
“,MISC
“Souverain modéré,MISC
juste et bien faisant,MISC
“ami de l’humanité,MISC
Französische Revolution,MISC
Einschnitt,PER
Französischen Revolution,MISC
Robespierres,PER
Thermidor des Jahres II,MISC
literarisch-kulturellen System,MISC
Chanson,MISC
Revolutionsrhetorik).Literarische Genera,MISC
bürgerlich-revolutionäre,MISC
Französischen Revolution,MISC
Jahr 1799,MISC
Brumaire des Jahres XI,MISC
Napoleon,PER
Zeit,MISC
Napoleon,PER
“Idéologues”,MISC
Napoleon,PER
Kontinuitäten,MISC
Revolution,MISC
“mélodrame”.Doch,MISC
französischen,MISC
Revolution,MISC
Wende,MISC
Ludwigs XIV,PER
Mme Pompadour,PER
Mme Dubarry,PER
Ansehens,LOC
Paris,LOC
Ludwigs XIV,PER
schottischen,MISC
Law,PER
Ludwigs XIV,PER
französische,MISC
“proverbe dramatique”,MISC
Louis Carrogis Carmontelle,PER
“proverbe dramatique”,MISC
Voltaire,PER
Legouvé,LOC
Scribe,LOC
Adrienne Lecouvreur,PER
Marquise de Tencin,PER
D’Alembert,MISC
Maine,LOC
Mme Geoffrin,PER
Ruin rettetZur,PER
Revolution,MISC
Mlle de Lespinasse,PER
Mme d’Holbach,MISC
Männer-)Clubs,MISC
englischem,MISC
Club de l’Entresol,MISC
Pariser,LOC
Cafés,LOC
Zeit,MISC
Café Procope,LOC
Jahrhundertmitte,LOC
Wissens,LOC
Bayles,PER
Holland,LOC
Le Pour et le Contre,MISC
katholischen,MISC
politisch-philosophisch,MISC
Année littéraire,ORG
Mercure de France,ORG
Paris,LOC
Académie française,ORG
Perraults,ORG
Poème sur le siècle de Louis le Grand,MISC
Voltaires,PER
Neuwahlen,PER
Chamfort,PER
Untertänigkeit”.Viele,PER
wird.1795/96,MISC
“Institut de France”,ORG
Paris,LOC
Bordeaux,LOC
La Rochelle,LOC
Dijon,LOC
Besançon,LOC
Marseille,LOC
Dijon
,PER
Diderot,PER
Rétif de la Bretonne,PER
Beaumarchais,PER
Comédie française,ORG
gleichen Zeit,MISC
“République,MISC
“,MISC
Rousseau du ruisseau”,LOC
Auxerre,LOC
Paris,LOC
Druckerpresse hineinverfaßt,ORG
Zeit,MISC
lizenziöses Schrifttum,PER
Zensur und Druckerlaubnis,MISC
Voltaires Lettres philosophiques,ORG
Englands,PER
französischen,MISC
Revolution,MISC
Marie-Joseph
,PER
Charles IX ou l’École des Rois,PER
De la liberté du théâtre en France,MISC
“Mais tout est arbitraire,MISC
Napoleon,PER
Ludwigs XIV,PER
eingekerkerten Jansenisten,PER
Voltaire,PER
Orléans,LOC
Provinz sühnen,LOC
Bastille,LOC
Chevalier de Rohan,LOC
England,LOC
Régence,LOC
Curé Meslier,ORG
Diderot,PER
La Mettrie,PER
Voltaire,PER
Rousseau,PER
Montesquieus,PER
“manuscrits clandestins,MISC
Jesuiten,ORG
“parti dévot,MISC
Zensur,PER
“,MISC
Voltaire,PER
Rousseau,PER
Diderot,PER
D’Holbach,MISC
“manuscrits clandestins,MISC
christlichen Offenbarungsreligion,ORG
Bibel,MISC
“,MISC
englischen,MISC
Descartes’,MISC
“,MISC
Kirche,ORG
Curé Jean Meslier,PER
Sohn,PER
Schloßherrn,PER
Christentum,MISC
Meslier,PER
sozialer,MISC
Privateigentums,MISC
Meslier,PER
“modifications de notre chair et de notre cerveau,MISC
Voltaire,PER
England,LOC
Freimaurerei,ORG
Französischen Revolution,MISC
Freimaurer,ORG
Frankreich,LOC
Großen Revolution,MISC
“,MISC
Voltaire,PER
französischen,MISC
Europas,LOC
SNicht,MISC
Voltaires,PER
sozialen,MISC
Fortschritts,PER
“,MISC
“,MISC
Voltaire,LOC
sur les mœurs,MISC
christlich-teleologisch,MISC
Voltaire,PER
Helvétius,PER
De l’Esprit,MISC
“bon sauvage,MISC
Voltaires Traité sur la tolérance,PER
Derselbe Voltaire,PER
Lessings Nathan,PER
Zaïre,LOC
Voltaire,PER
Mahomet,PER
Le fanatisme de Mahomet le prophète,MISC
“tolérance,MISC
“intolérance théologique”,MISC
“intolérance civile”,MISC
Rousseau,PER
Gesellschaftsgefüges,PER
Robespierre,PER
“Être suprême”-Kults,MISC
Rousseaus Prinzipien,PER
Widerstand gegen die Innovationen,MISC
“,MISC
“antiphilosophes”,MISC
Revolution,MISC
Jahrhundertmitte,ORG
Voltaire,PER
Martinès de Pasqually,PER
Saint-Martin,PER
Holbachs Système de la nature,PER
Chateaubriand,LOC
christlichen,MISC
Le Déisme réfuté par lui-même,MISC
Nicolas-Sylvestre Bergier,PER
Toleranzidee,LOC
Bergier,MISC
Holbachs Système de la Nature,PER
Zeit wohlgemeinte Vermittlungsversuche,MISC
André Lamourette,PER
Lyon,LOC
Rousseaus Anthropologie,PER
Christentum,MISC
Christentum,MISC
Fouquier-Tinville,MISC
Prônes civiques ou le pasteur patriote,ORG
Konvents,LOC
Lamourette,PER
Morelly,PER
Privateigentums,LOC
kommunistische,MISC
Revolution “Gracchus” Babeuf
,MISC
“bonheur commun”,MISC
kommunistische,MISC
Babeuf,PER
ein:1797,PER
Marquis de Mirabeau,PER
François Quesnay,PER
Reich der Freiheit,MISC
Gemeinnutz,PER
“,MISC
“,MISC
Ersten Republik,MISC
Revolution,MISC
“,MISC
Égaux,MISC
republikanischen,MISC
Napoleon Bonaparte,PER
Plebiszit,PER
Brumaire,PER
bürgerliche Revolution,MISC
riches”,MISC
Revolution,MISC
Revolution
,ORG
Französischen Revolution,MISC
Fortschritte,PER
Voltaire,PER
Lesepublikums,LOC
sozialen,MISC
Leihbibliotheken,LOC
Voltaires Siècle de Louis XIV,ORG
Rousseaus Nouvelle Héloïse,PER
Encyclopédie,PER
“Taschenbuchmarkt,MISC
“petites gens”,MISC
“plaire,MISC
“instruire”,MISC
sozialen,MISC
Revolution von 1789,MISC
Französischen Revolution,MISC
Montesquieus,PER
Rousseaus Staatslehre,PER
republikanischen,MISC
Revolution,MISC
Revolution,MISC
“,MISC
Paris,LOC
französische,MISC
Werner Krauss,PER
Revolution,MISC
“seigneurs,MISC
monarchischen Staat,LOC
Zeit,MISC
bürgerliche Revolution,MISC
Jahren,PER
Bürgertum abgrenzenden Adels,LOC
“,MISC
phy-siokratischen Ministers Turgot,MISC
antifeudalistische,LOC
Thermidor des Jahres II der Republik,MISC
Privateigentums,MISC
Bürgertums,LOC
Curé Meslier,PER
Zeit,MISC
Abbé de Mably,PER
Brissot de Warville,PER
Rousseau,PER
Eigentums,MISC
Zentrum,ORG
“goût,MISC
Saint-Évremond,LOC
Sur les poèmes,MISC
“doctrine classique,MISC
Voltaire,PER
“,MISC
“,MISC
arbiträr “,MISC
“République,MISC
“,MISC
“,MISC
Abbé Batteux,LOC
Les Beaux-Arts réduits à un même principe,LOC
“,MISC
“,MISC
“,MISC
“,MISC
imagination”.Deutlich,MISC
Diderot,PER
Poésie,PER
Rhétorique,PER
“imitatio”,MISC
“sacre de l’écrivain”,MISC
Paul Bénichou,PER
Kunstphilosoph Abbé Dubos,PER
critiques
,ORG
“génie naturel”,MISC
“talent d’,MISC
“,MISC
Vernunft,MISC
Louis-Sébastien Mercier,PER
Voltaire,PER
Kammerherr Friedrichs II,PER
Preußen,LOC
abholde Weise Zusammenhänge,PER
Babouc,PER
Voltaires,PER
“Monarch,MISC
Babouc,MISC
“philosophe” ist unparteiisch,MISC
“,MISC
“Vorromantik”.Bei,MISC
Fragonard,MISC
galant-erotischen,MISC
englischen,MISC
“,MISC
“,MISC
“,MISC
“,MISC
englischen,MISC
läßt.inspirer aux hommes l’amour de la vertu,MISC
l’horreur du vice”,MISC
Entretiens avec Dorval,MISC
Marquis de Sade,MISC
“,MISC
“,MISC
“,MISC
moralisch-didaktisch,MISC
französischen,MISC
Französischen Revolution,MISC
Französischen Revolution,MISC
europäische,MISC
Mme de Staël,PER
Europa,LOC
Europa,LOC
Frankreich,LOC
Frankreich,LOC
Europa,LOC
England,LOC
englischen,MISC
Richardson,PER
englische,MISC
französischen Sprache,MISC
Rivarol,PER
Französischen Revolution,MISC
Berliner Akademie,ORG
französischen,MISC
Europa,LOC
Berlin,LOC
Diderot,PER
St. Petersburg,LOC
Paris,LOC
Europa,LOC
Melchior Grimms Correspondance littéraire,PER
philosophique et critique,MISC
Jakob Heinrich Meister,PER
Herzog von Sachsen-Gotha,LOC
Kopien,LOC
europäische,MISC
Mémoires secrets pour servir à l’histoire de la République des lettres en France,ORG
Petit de Bachaumont,PER
französische,MISC
“,MISC
Voltaire,PER
Europa,LOC
Holland,LOC
England,LOC
Voltaires,LOC
englischen,MISC
Louis XIV,PER
Siebenjährigen Krieg
,MISC
Prestigeverlusts Frankreichs,PER
Europa,LOC
Le siège de Calais,LOC
Französischen Revolution,MISC
europäischen,MISC
Napoleons,PER
Frankreich,LOC
“République des lettres”,MISC
Frankreich,LOC
Europa,LOC
Zeit,MISC
Aufklärungs-)Philosophie,MISC
Sur le sort de la poésie en ce siècle philosophique,LOC
André Chénier,PER
“,MISC
“sensibilité,MISC
“,MISC
“divertissement”,MISC
“badinage,MISC
Revolution,MISC
“,MISC
religiös-aufklärerisch,MISC
profan-aufklärerisch,MISC
“,MISC
Dorat,PER
“,MISC
“prose poétique”,MISC
“,MISC
“,MISC
Zeit,MISC
Voltaire modellbildend,PER
Louis Racine,PER
“tragédie philosophique”,MISC
Narrativik,LOC
Montesquieus,PER
wirkungsstrategischen,LOC
Individuums,MISC
Narrativik,LOC
Frankreich,LOC
Individuum,PER
Allianz Königtum-Kirche,ORG
Entdeckungsreisen,LOC
Übersee,LOC
Utopia,LOC
“,MISC
Diderot,LOC
Montesquieu,PER
XI-XIV,PER
Voltaire,PER
Eldorado,PER
XVII-XVIII,ORG
Marquis de Sade,MISC
Morellys Code de la Nature,MISC
Postulat “la raison veut,MISC
la loi ordonne”,MISC
Mercier,MISC
L’,MISC
Zeit,MISC
“,MISC
Merciers Roman,MISC
Individuums,MISC
XXVIII,MISC
Zukunftsentwurfs,LOC
angelsächsischen,MISC
“petit cabinet,MISC
“,MISC
“ordre”,MISC
“,MISC
“perfection”,MISC
“,MISC
Merciers Freiheitsbegriff,PER
Narrativik,PER
soziale,MISC
Dominanz,PER
Charybdis,PER
“parti dévot,MISC
Pierre-Daniel Huets,PER
Traité sur l’origine des romans,MISC
Symptomatisch,LOC
Crébillon fils,PER
heroisch-galanten Roman,MISC
Mme de Lafayette,PER
“nouvelle” fuhrt,MISC
Ich-Romans,MISC
libertinen,LOC
galant-lizenziösen,LOC
Romans,LOC
Briefroman,MISC
Zeit,MISC
Höhepunkt:1736,MISC
Jesuit,ORG
Charles Porée,PER
Voltaires,LOC
Diderots,LOC
moralästhetischen,LOC
Daguesseau,PER
Sammelausgaben,LOC
Auszügen,LOC
Bibliothèque bleue,LOC
soziale,MISC
soziale,MISC
zeitgenössische Gesellschaft,ORG
Individuums,MISC
Erzählens,LOC
Marquis de Sade,LOC
Idée sur les romans,MISC
Chevalier de Jaucourt,MISC
Huet,PER
Encyclopédie-Mitaibeiter Jaucourt,MISC
“récit fictif de diverses aventures merveilleuses ou vraisemblables de la vie humaine”,MISC
“choses utiles,MISC
“,MISC
englischen,MISC
Mercure de France,ORG
Louis-Sébastien Mercier,PER
Gesellschaft auf allen sozialen und psychologischen Ebenen,ORG
sozialen,MISC
Marivaux,LOC
Le Paysan parvenu,LOC
zeitsatirische,LOC
Marivaux’ La vie de Marianne,MISC
Vie de Marianne,LOC
“double registre”,MISC
Prevosts Véritable histoire du Chevalier,LOC
Grieux et de Manon Lescaut,LOC
Mémoires d’un homme de qualité,MISC
Montesquieus,PER
“une espèce de roman”,MISC
Zeit,MISC
Diderots,PER
Romans,LOC
Rousseaus Briefroman Julie ou La Nouvelle Héloïse,PER
Rousseau,PER
Richardson,PER
Bernardin de Saint-Pierres Paul et Virginie,PER
Gesellschaft und der Unschuld
,ORG
Rousseauist,PER
Rétif de la Bretonne,PER
Rousseau du ruisseau”,LOC
Nicolas,PER
Justine,PER
Sades Justine,PER
Rousseauist,PER
Choderlos de Laclos,PER
Rétifs,PER
“bonne compagnie,MISC
Narrativik,LOC
Kontinuitäten,LOC
romanesken Erzählformen und -inhalte,ORG
Ich-Roman,LOC
Briefroman,MISC
Xavier de Maistres,LOC
Voyage autour de ma chambre,MISC
Romantheorie der Zeit,MISC
Libertiner,PER
100 im Jahr 1789,MISC
16 im Jahr 1794,MISC
Louvet de Couvrays Les amours du chevalier de Faublas,PER
Mercure de France,LOC
Zeit,MISC
Louvet de Couvrays Briefroman Émilie de Varmont,PER
Louvet,PER
sozialen,MISC
Thermidor,PER
Balzacs,PER
Briefroman L'Émigré,MISC
Sénac de Meilhan,PER
Romans,PER
Schauerroman,PER
französischen,MISC
englischen,MISC
Marquis de Sade,MISC
Sades,PER
“gothic novel”,MISC
Marquis de Sade,PER
Sades,PER
Divin Marquis,PER
Infortunes de la vertu,MISC
Justine ou les malheurs de la vertu,ORG
Sade,PER
{La nouvelle Justine ou les malheurs de la vertu,MISC
Histoire de Juliette ou les prospérités du vice,MISC
Justine,MISC
Sadesche Roman,MISC
Nouvelle Justine,LOC
Sade,PER
Sades,PER
“,MISC
christlichen,MISC
Marquis de Sade,PER
romaneske,PER
“romantisme Empire,MISC
französische,MISC
Frank Baasner,PER
Ideals,LOC
Heidelberg,LOC
Frankreich,LOC
La Mettrie,PER
Helvétius,PER
Diderot,PER
Sade,LOC
München,LOC
Bauer-Funke,PER
französische,MISC
Gesellschaft und Kultur,ORG
Stuttgart,LOC
LeipzigChristian Bergmann,ORG
Frankfurt/M.,LOC
Roland BonneiFrankfurt/M.,MISC
Peter Bürger,PER
französischen,MISC
Tübingen,ORG
Herbert Dieckmann,PER
europäischen Aufklärung,ORG
München,ORG
Paul Geyer,PER
Descartes,PER
Rousseau,PER
Tübingen,LOC
Hans Ulrich Gumbrecht,PER
Frankreich,LOC
München/Wien,LOC
Erich Köhler,PER
französischen,MISC
Dietmar Rieger,PER
Stuttgart,LOC
Französischen Revolution,MISC
Stuttgart,LOC
Werner Krauss,PER
Frankreich,LOC
Berlin,LOC
Weimar,LOC
Hans Sanders,PER
Das Subjekt der Moderne,MISC
Tübingen 1987,MISC
Fritz Schalk,PER
französischen AufklärungFrankfurt/M.,MISC
Jürgen von Stackeiberg,PER
München,LOC
Rudolf Behrens,PER
Theodizee,PER
französische,MISC
Tübingen,LOC
München,LOC
Genf,LOC
Klaus Dirscherl,PER
Der Roman der Philosophen,MISC
Diderot,PER
Rousseau,PER
Voltaire,LOC
Tübingen,LOC
Roland Galle,PER
französischen,MISC
München,LOC
Rolf Geißler,PER
Frankreich,LOC
Berlin,LOC
Wolfgang Matzat,PER
Rousseau,PER
Balzac,LOC
Tübingen,LOC
Hans Rudolf Picard,PER
Heidelberg,ORG
Jürgen Siess,PER
Diderot,PER
Restif,PER
Lespinasse,PER
Paderborn,LOC
Jürgen von Stackeiberg,PER
französischen,MISC
München,LOC
